date,yr,sox,pnl
2023-09-12,2023,0.0009085835910924,102.0
2023-09-14,2023,0.0054700671262237,163.0
2023-09-15,2023,0.0066761036495284,58.0
2023-09-19,2023,0.0046254879343226,-84.0
2023-09-21,2023,-0.0174066643153263,174.0
2023-09-22,2023,-0.0176414686316681,-146.0
2023-09-25,2023,0.0079188942300492,100.0
2023-09-26,2023,0.0071821447780131,-101.0
2023-09-27,2023,-0.0176547296619521,-71.0
2023-09-28,2023,0.009547636066578,23.0
2023-10-02,2023,0.00388776348367,35.0
2023-10-03,2023,0.004239595374881,-86.0
2023-10-05,2023,0.014316260831966,156.0
2023-10-11,2023,0.0128974577126623,-87.0
2023-10-12,2023,0.0073347057433363,75.0
2023-10-13,2023,0.0030498921655364,19.0
2023-10-17,2023,0.0143470693345151,-105.0
2023-10-19,2023,-0.0176161120800308,-111.0
2023-10-20,2023,-0.0133823550952847,40.0
2023-10-23,2023,-0.0153306193712753,90.0
2023-10-25,2023,0.0137636651366968,-11.0
2023-10-30,2023,0.0121282641559141,44.0
2023-10-31,2023,-0.0129869324995585,189.0
2023-11-01,2023,0.0096415273234164,-47.0
2023-11-02,2023,0.0233403505716924,-46.0
2023-11-03,2023,0.0235767787417007,-14.0
2023-11-06,2023,0.0255392543950792,18.0
2023-11-08,2023,0.007712873270264,18.0
2023-11-09,2023,0.0003485565151262,53.0
2023-11-13,2023,0.0403784100059667,20.0
2023-11-15,2023,0.0362184578618121,-12.0
2023-11-16,2023,0.0071956305266214,-15.0
2023-11-17,2023,0.0032353741423294,64.0
2023-11-20,2023,0.0065921967723745,-26.0
2023-11-21,2023,0.0152481560028276,125.0
2023-11-22,2023,-0.0191864543947281,14.0
2023-11-23,2023,0.0032602959180667,36.0
2023-11-24,2023,0.0032602959180667,-48.0
2023-11-27,2023,0.0007930658805432,-90.0
2023-11-30,2023,0.0094154665375771,-8.0
2023-12-04,2023,0.0036755822132965,-50.0
2023-12-05,2023,-0.0119921782000764,-31.0
2023-12-08,2023,0.0279004448930555,16.0
2023-12-11,2023,0.0071059948659655,-18.0
2023-12-12,2023,0.0339730324813136,24.0
2023-12-13,2023,0.0071212769610418,-40.0
2023-12-14,2023,0.0154623961243505,62.0
2023-12-15,2023,0.026690387000589,66.0
2023-12-18,2023,0.0047663558244477,-13.0
2023-12-20,2023,0.005304852343809,66.0
2023-12-22,2023,0.0276794937694315,7.0
2023-12-25,2023,0.0034623499789976,-14.0
2023-12-26,2023,0.0034623499789976,82.0
2023-12-27,2023,0.0180504978404731,97.0
2023-12-28,2023,0.0016969898632188,11.0
2024-01-08,2024,0.0063036442943575,25.0
2024-01-09,2024,0.0327927616442396,69.0
2024-01-10,2024,0.0005341564758472,-54.0
2024-01-12,2024,0.0047075211665563,14.0
2024-01-17,2024,0.013204423025197,-108.0
2024-01-19,2024,0.0335556947874053,-99.0
2024-01-22,2024,0.0402066316099767,-2.0
2024-01-23,2024,0.0025024853450346,70.0
2024-01-24,2024,0.0065335339442849,-8.0
2024-01-25,2024,0.0154169856361798,-29.0
2024-01-30,2024,0.0106331037977016,-53.0
2024-01-31,2024,-0.0155596624637956,62.0
2024-02-01,2024,-0.0136736427630619,-13.0
2024-02-02,2024,0.0045905579076817,-17.0
2024-02-05,2024,0.0131410496019137,70.0
2024-02-15,2024,0.0217605378476246,-95.0
2024-02-21,2024,-0.015639356138243,59.0
2024-02-23,2024,0.049705826788654,39.0
2024-02-26,2024,-0.0112140241720712,-51.0
2024-02-27,2024,0.0104961397867404,-90.0
2024-02-29,2024,-0.0112333481564548,-157.0
2024-03-01,2024,0.0270108199713206,11.0
2024-03-04,2024,0.0428735836443181,-28.0
2024-03-05,2024,0.0106276802486215,17.0
2024-03-07,2024,0.0242016627628423,-41.0
2024-03-08,2024,0.0335939078778613,163.0
2024-03-12,2024,-0.0136311010169873,-244.0
2024-03-13,2024,0.020921434706147,25.0
2024-03-15,2024,-0.0175191776461044,99.0
2024-03-21,2024,0.0159925819203405,220.0
2024-03-22,2024,0.0229105839797165,-72.0
2024-03-25,2024,0.0021192842617623,-26.0
2024-03-28,2024,0.0099074997732837,-38.0
2024-03-29,2024,0.0010734803416361,57.0
2024-04-01,2024,0.0010734803416361,-107.0
2024-04-02,2024,0.0115978724662144,165.0
2024-04-03,2024,-0.0151468128413374,22.0
2024-04-08,2024,0.0132588460640823,44.0
2024-04-09,2024,0.001298989651659,332.0
2024-04-10,2024,0.0094127106824526,27.0
2024-04-11,2024,-0.0165188130926888,-49.0
2024-04-12,2024,0.0242195246693872,-17.0
2024-04-16,2024,-0.0138986944289312,337.0
2024-04-17,2024,0.0088542668461881,213.0
2024-04-19,2024,-0.0165524126893074,315.0
2024-04-23,2024,0.017425647860279,30.0
2024-04-24,2024,0.0221090298316719,-47.0
2024-04-25,2024,0.0105831919264087,-64.0
2024-04-26,2024,0.0196279439706597,49.0
2024-04-29,2024,0.0260561121897102,-1.0
2024-04-30,2024,0.006440999389689,-90.0
2024-05-03,2024,0.0216674653036594,81.0
2024-05-06,2024,0.0240676604384029,81.0
2024-05-07,2024,0.0221068277571514,-17.0
2024-05-09,2024,0.0011494541137917,-110.0
2024-05-13,2024,0.0101391453788732,-58.0
2024-05-14,2024,0.0031322599900582,127.0
2024-05-15,2024,0.016761039084902,54.0
2024-05-16,2024,0.0287830372782644,104.0
2024-05-21,2024,0.0215391469430183,-78.0
2024-05-23,2024,0.0103283146775974,-16.0
2024-05-27,2024,0.0185213364078675,197.0
2024-05-28,2024,0.0185213364078675,63.0
2024-05-29,2024,0.0185695241451697,-144.0
2024-05-30,2024,-0.0185318557994084,113.0
2024-06-04,2024,0.0056896255582274,-248.0
2024-06-06,2024,0.0451833073704084,-5.0
2024-06-11,2024,0.0142153562160975,-122.0
2024-06-12,2024,0.0005557213188125,216.0
2024-06-13,2024,0.0289802399830021,87.0
2024-06-14,2024,0.0147712226515024,240.0
2024-06-18,2024,0.0160387688427401,57.0
2024-06-19,2024,0.0135405495683971,254.0
2024-06-20,2024,0.0135405495683971,235.0
2024-06-24,2024,-0.0127397277366707,299.0
2024-06-26,2024,0.0178980996068149,62.0
2024-07-01,2024,0.0094390611482193,26.0
2024-07-02,2024,0.0008935978919129,-28.0
2024-07-03,2024,0.0123860036697918,109.0
2024-07-04,2024,0.0192480058575399,134.0
2024-07-05,2024,0.0192480058575399,-77.0
2024-07-08,2024,0.0008121421443383,365.0
2024-07-09,2024,0.019252834445071,-60.0
2024-07-11,2024,0.0241691528481231,-71.0
2024-07-15,2024,0.0132516676433329,-232.0
2024-07-16,2024,0.0004363492802834,169.0
2024-07-17,2024,0.004555438054177,-256.0
2024-07-19,2024,0.0051232179207241,-239.0
2024-07-23,2024,0.0399968863676061,-68.0
2024-07-26,2024,-0.0196429445810033,-41.0
2024-07-29,2024,0.0195330605590806,-164.0
2024-08-01,2024,0.070147132501048,-101.0
2024-08-06,2024,-0.0191654947306284,-30.0
2024-08-07,2024,0.0106473132792705,645.0
2024-08-09,2024,0.0686221129754849,-21.0
2024-08-13,2024,0.0072980921339009,-82.0
2024-08-14,2024,0.0418418068139181,89.0
2024-08-16,2024,0.048654565356198,-59.0
2024-08-20,2024,0.0186296600744644,-119.0
2024-08-21,2024,-0.0133426499600308,83.0
2024-08-22,2024,0.0137848084213767,-144.0
2024-08-26,2024,0.0278656942342094,198.0
2024-08-28,2024,0.0110410311240154,215.0
2024-08-29,2024,-0.0182531536024121,-218.0
2024-09-02,2024,0.0257632847840134,79.0
2024-09-03,2024,0.0257632847840134,239.0
2024-09-05,2024,0.0024900189115362,-118.0
2024-09-10,2024,0.0215448896034202,125.0
2024-09-11,2024,0.0118661069052139,-103.0
2024-09-12,2024,0.0490314420798732,-34.0
2024-09-16,2024,0.0167502306856877,-10.0
2024-09-18,2024,0.0003380552455585,-69.0
2024-09-19,2024,-0.0107510026261681,-303.0
2024-09-20,2024,0.0426729007735697,101.0
2024-09-23,2024,-0.0131428063908103,-40.0
2024-09-24,2024,0.0051499382007416,190.0
2024-09-25,2024,0.0131262423370559,-46.0
2024-09-26,2024,0.0080011312350496,-69.0
2024-09-27,2024,0.0346769228371246,191.0
2024-09-30,2024,-0.0175633179549948,348.0
2024-10-04,2024,0.0051008001255099,-41.0
2024-10-07,2024,0.0159271522532735,211.0
2024-10-09,2024,0.0133351293103449,-70.0
2024-10-14,2024,0.0079335995496738,5.0
2024-10-15,2024,0.0180418070667962,63.0
2024-10-17,2024,0.0020698863603234,123.0
2024-10-18,2024,0.0094940514288597,-174.0
2024-10-21,2024,0.000732015193638,-241.0
2024-10-22,2024,0.0012652103628216,57.0
2024-10-24,2024,-0.0114319621015237,73.0
2024-10-25,2024,0.0051136441145347,203.0
2024-10-28,2024,0.0107065094103664,-326.0
2024-10-30,2024,0.0231211876423487,222.0
2024-11-04,2024,0.0110537221407995,243.0
2024-11-06,2024,0.0168536389223965,60.0
2024-11-07,2024,0.03118728782897,-112.0
2024-11-08,2024,0.0227050926360876,-41.0
2024-11-19,2024,0.0114159454980666,221.0
2024-11-20,2024,0.0062162875324467,-175.0
2024-11-22,2024,0.0161334903004555,229.0
2024-11-26,2024,0.0064812946446588,-97.0
2024-11-27,2024,-0.0121012365875955,266.0
2024-11-28,2024,-0.0151291917297811,-25.0
2024-11-29,2024,-0.0151291917297811,-87.0
2024-12-02,2024,0.0151555426426073,292.0
2024-12-03,2024,0.0261358838621674,-71.0
2024-12-05,2024,0.0170616339612301,-14.0
2024-12-06,2024,-0.0186282893837689,154.0
2024-12-09,2024,0.0069493491326744,46.0
2024-12-12,2024,0.0271926777943489,-2.0
2024-12-16,2024,0.0336378179073861,273.0
2024-12-17,2024,0.0206377748175652,141.0
2024-12-18,2024,-0.016413435158655,-181.0
2024-12-20,2024,-0.015592498863403,140.0
2024-12-23,2024,0.0145990473018122,339.0
2024-12-24,2024,0.0309854559297146,112.0
2024-12-25,2024,0.0107076923076923,-8.0
2024-12-26,2024,0.0107076923076923,-38.0
2024-12-27,2024,0.0003382583752773,173.0
2024-12-30,2024,-0.0101134038347461,37.0
2024-12-31,2024,-0.0188289215045178,-42.0
2025-01-03,2025,0.008347506892667,58.0
2025-01-06,2025,0.028308274419994,-187.0
2025-01-07,2025,0.0283694673341532,173.0
2025-01-08,2025,-0.0184345422154595,97.0
2025-01-15,2025,0.0051613134556696,-270.0
2025-01-16,2025,0.0213478135930795,-9.0
2025-01-17,2025,0.0018025989246497,-85.0
2025-01-20,2025,0.0284294280800161,-12.0
2025-01-21,2025,0.0284294280800161,-70.0
2025-01-22,2025,0.0129497866185539,103.0
2025-02-04,2025,-0.0181504630321879,92.0
2025-02-05,2025,0.0105141112042901,66.0
2025-02-06,2025,0.023090107885118,23.0
2025-02-07,2025,0.0002140822940195,137.0
2025-02-10,2025,-0.0163472810495248,74.0
2025-02-11,2025,0.0146386549924739,-45.0
2025-02-13,2025,0.0021299338381919,-34.0
2025-02-14,2025,0.0128860157264394,-159.0
2025-02-17,2025,0.0008824002839193,207.0
2025-02-18,2025,0.0008824002839193,93.0
2025-02-19,2025,0.016841893143497,39.0
2025-02-20,2025,0.0117819454025069,17.0
2025-02-21,2025,0.0001770348174752,216.0
2025-02-27,2025,0.0208514015480028,142.0
2025-03-03,2025,0.01706939777031,72.0
2025-03-05,2025,0.0063688838279747,250.0
2025-03-06,2025,0.0209099339560561,64.0
2025-03-10,2025,0.0315830520182269,-12.0
2025-03-13,2025,0.0244509118509765,451.0
2025-03-17,2025,0.0326840682289748,117.0
2025-03-18,2025,0.0141732934097882,-144.0
2025-03-19,2025,-0.0160678563541362,201.0
2025-03-20,2025,0.0099149493465939,126.0
2025-03-25,2025,0.0298972125626653,12.0
2025-04-02,2025,0.0028170465269303,39.0
2025-04-08,2025,0.027042577675489,233.0
2025-04-10,2025,0.1873480889377872,-2.0
2025-04-14,2025,0.0250687077800322,153.0
2025-04-15,2025,0.0030870229772732,206.0
2025-04-16,2025,0.0046637456847238,-259.0
2025-04-23,2025,0.0213597874149433,-184.0
2025-04-24,2025,0.0396315288161688,70.0
2025-04-25,2025,0.0562938010803428,51.0
2025-04-28,2025,0.0103179751864816,-12.0
2025-05-02,2025,0.0041535759286444,205.0
2025-05-05,2025,0.0351699523973199,-51.0
2025-05-07,2025,-0.0103255604681167,53.0
2025-05-08,2025,0.0174336611616254,102.0
2025-05-09,2025,0.0100493347559251,193.0
2025-05-12,2025,0.0081391464504654,58.0
2025-05-13,2025,0.0703974028881675,92.0
2025-05-14,2025,0.0314624978822111,-98.0
2025-05-15,2025,0.0059578006022689,-88.0
2025-05-22,2025,-0.0180073526104219,-52.0
2025-05-26,2025,-0.0153052997924811,62.0
2025-05-27,2025,-0.0153052997924811,164.0
2025-05-28,2025,0.0337509941774165,63.0
2025-06-03,2025,0.0157059810090667,-54.0
2025-06-04,2025,0.0272347857034962,-38.0
2025-06-05,2025,0.0138868465739132,-38.0
2025-06-09,2025,0.0054161710823561,57.0
2025-06-10,2025,0.0195710253549976,244.0
2025-06-11,2025,0.0206048288187266,-91.0
2025-06-13,2025,0.0031762837480147,-39.0
2025-06-17,2025,0.0303311268641535,62.0
2025-06-19,2025,0.0052396312922957,-118.0
2025-06-20,2025,0.0052396312922957,17.0
2025-06-24,2025,0.0062976352207051,200.0
2025-06-25,2025,0.03767328337433,-102.0
2025-06-26,2025,0.0094507954067259,-55.0
2025-06-27,2025,0.0087670434893414,-81.0
2025-06-30,2025,0.0006370162375979,-96.0
2025-07-01,2025,0.000279531613222,156.0
2025-07-03,2025,0.0188016341352701,107.0
2025-07-04,2025,0.006428386843817,-315.0
2025-07-07,2025,0.006428386843817,-11.0
2025-07-08,2025,-0.0187564634716457,83.0
2025-07-09,2025,0.0180502418248755,178.0
2025-07-10,2025,0.0043908941682826,143.0
2025-07-11,2025,0.0074638324458744,250.0
2025-07-16,2025,0.0127312847104159,211.0
2025-07-18,2025,0.0072732571306184,-94.0
2025-07-22,2025,0.0011861940962423,-261.0
2025-07-23,2025,-0.0175470692160532,-199.0
2025-07-25,2025,0.0011671239971691,-21.0
2025-07-28,2025,0.0002639798595769,24.0
2025-07-29,2025,0.0161605140758007,-173.0
2025-07-30,2025,0.0004688780045667,147.0
2025-07-31,2025,0.0082807907606374,110.0
2025-08-04,2025,-0.0143208177006805,-154.0
2025-08-05,2025,0.0175120893116556,139.0
2025-08-06,2025,-0.011151391879326,-13.0
2025-08-08,2025,0.0150262147991999,-130.0
2025-08-11,2025,0.0078669435717202,192.0
2025-08-13,2025,0.0299310274285453,-13.0
2025-08-14,2025,0.0089930120939916,-80.0
2025-08-19,2025,0.0040971780403773,-40.0
2025-08-20,2025,-0.0181430705761983,431.0
2025-08-25,2025,0.0269842912875717,-137.0
2025-08-26,2025,0.0003197519836788,108.0
2025-08-27,2025,0.0089675659711967,103.0
2025-08-28,2025,0.0028736621716551,-133.0
2025-08-29,2025,0.0048827303458944,-136.0
2025-09-03,2025,-0.0111978606229735,-39.0
2025-09-05,2025,0.0134172027706953,49.0
2025-09-08,2025,0.0165035833630329,-30.0
2025-09-09,2025,0.008367757836637,83.0
2025-09-10,2025,0.0017591542289414,184.0
2025-09-11,2025,0.0237567076701552,144.0
2025-09-12,2025,0.0062603955294397,46.0
2025-09-15,2025,0.0010591471113639,-59.0
2025-09-16,2025,0.0096788597973254,205.0
2025-09-17,2025,0.0031997597292334,-103.0
2025-09-19,2025,0.035962390804294,21.0
2025-09-23,2025,0.0157037987885595,210.0
2025-09-30,2025,0.0015955464270702,159.0
2025-10-01,2025,0.0086633486985974,-54.0
2025-10-02,2025,0.0204809555058069,56.0
2025-10-03,2025,0.0193991643436899,247.0
2025-10-07,2025,0.028907581405098,-47.0
2025-10-09,2025,0.0339786216833766,67.0
2025-10-14,2025,0.0492961483238654,656.0
2025-10-16,2025,0.0299421794643497,-120.0
2025-10-17,2025,0.004870652838899,-1.0
2025-10-21,2025,0.0157937910704959,-72.0
2025-10-27,2025,0.0189196175477077,-14.0
2025-10-28,2025,0.0273816314888761,121.0
2025-10-29,2025,0.0037290840655248,199.0
2025-10-30,2025,0.0185163821752372,-28.0
2025-10-31,2025,-0.0152744363005651,9.0
2025-11-03,2025,0.0017544345898004,-43.0
2025-11-04,2025,0.0058530903376283,-289.0
2025-11-06,2025,0.0301881061440749,-14.0
2025-11-10,2025,-0.0101205547141154,-252.0
2025-11-11,2025,0.0301682941433869,259.0
2025-11-13,2025,0.0146754158488187,-67.0
2025-11-18,2025,-0.0154833215879727,350.0
2025-11-20,2025,0.0181650824374182,184.0
2025-11-24,2025,0.0085578402001238,-98.0
2025-11-25,2025,0.0463237715857349,-46.0
2025-11-26,2025,0.0016380236305049,150.0
2025-11-27,2025,0.0275953280966549,28.0
2025-11-28,2025,0.0275953280966549,-68.0
2025-12-01,2025,0.0182173677360255,-255.0
2025-12-03,2025,0.0183661347505104,-44.0
2025-12-04,2025,0.0183286313530932,-41.0
2025-12-08,2025,0.0109299234891497,237.0
2025-12-09,2025,0.0110187474982317,-129.0
2025-12-11,2025,0.0128829937158443,-508.0
2025-12-19,2025,0.0251399860499363,-6.0
2025-12-22,2025,0.0297568487811843,-144.0
2025-12-23,2025,0.0109934110276503,28.0
2025-12-24,2025,0.0054537286738496,-106.0
2025-12-26,2025,0.0027600932001212,88.0
2025-12-29,2025,0.0004538911799367,202.0
2026-01-02,2026,-0.0119917423386478,-427.0
2026-01-05,2026,0.0401432699950445,-129.0
2026-01-06,2026,0.0107200979440702,327.0
2026-01-07,2026,0.0274600648631226,-27.0
2026-01-09,2026,-0.0183197863461682,-12.0
2026-01-12,2026,0.0272562230201314,-79.0
2026-01-13,2026,0.0047206491088891,-206.0
2026-01-14,2026,0.0095311433202516,-16.0
2026-01-16,2026,0.0176368926971084,93.0
2026-01-19,2026,0.0114975820754597,406.0
2026-01-20,2026,0.0114975820754597,175.0
2026-01-21,2026,-0.0168049842256172,-46.0
2026-01-22,2026,0.0318031764686259,53.0
2026-01-23,2026,0.001628933844147,151.0
2026-01-26,2026,-0.0120717501927333,-8.0
2026-01-28,2026,0.0239862546423381,-198.0
2026-01-29,2026,0.0233529378429453,2.0
2026-01-30,2026,0.0016432439199973,-201.0
2026-02-03,2026,0.0170057523501367,-93.0
2026-02-09,2026,0.0569928453610413,-30.0
2026-02-10,2026,0.0141589489875282,403.0
2026-02-23,2026,0.0106590973046383,-213.0
2026-02-25,2026,0.0144738027579121,238.0
2026-02-26,2026,0.0162127325577208,70.0
2026-03-02,2026,-0.0120637871679073,-506.0
2026-03-03,2026,0.0048145491006215,-676.0
2026-03-05,2026,0.0192662346359504,-261.0
2026-03-06,2026,-0.0117152358714658,-343.0
2026-03-10,2026,0.0393440092405059,514.0
2026-03-11,2026,0.0070060432244187,655.0
2026-03-12,2026,0.0062872530870476,-146.0
2026-03-16,2026,0.0004540001072854,-162.0
2026-03-17,2026,0.0195641484364372,175.0
2026-03-18,2026,0.0052063558843751,209.0
2026-03-20,2026,0.0087452037361788,-225.0
2026-03-24,2026,0.0133652995003006,-520.0
2026-03-25,2026,0.0128107982241387,-163.0
2026-03-26,2026,0.0120720819133437,-393.0
2026-03-30,2026,-0.0168998414156846,-451.0
2026-04-01,2026,0.0624264070688416,-191.0
2026-04-02,2026,0.0282161777496641,430.0
2026-04-07,2026,0.0105599236090632,6.0
2026-04-08,2026,0.0110862532228581,330.0
2026-04-09,2026,0.0633506041452447,1.0
2026-04-10,2026,0.0209859803640499,-111.0
2026-04-13,2026,0.0230507288656578,138.0
2026-04-14,2026,0.0168383422405153,304.0
2026-04-15,2026,0.0204214383064587,368.0
2026-04-16,2026,0.001644601327823,335.0
2026-04-17,2026,0.0097475022431376,-69.0
2026-04-20,2026,0.0242814343978947,381.0
2026-04-21,2026,0.0045343809256708,335.0
2026-04-22,2026,0.0050004114921957,84.0
2026-04-23,2026,0.0271643304126272,636.0
2026-04-24,2026,0.0170850123167498,928.0
2026-04-27,2026,0.0431698147653882,270.0
2026-04-28,2026,-0.0100459782796855,50.0
2026-04-30,2026,0.023488428172562,454.0
2026-05-04,2026,0.008724544684254,617.0
2026-05-06,2026,0.0423288459238362,-123.0
2026-05-07,2026,0.0448218582260682,-14.0
2026-05-11,2026,0.05505873582899,150.0
2026-05-12,2026,0.0259470935416756,111.0
2026-05-14,2026,0.0256647031814605,67.0
2026-05-15,2026,0.0046430431736448,-1292.0
2026-05-20,2026,0.0002636580160884,-119.0
2026-05-21,2026,0.0449153067091239,9.0
2026-05-22,2026,0.0127644373413333,246.0
2026-05-25,2026,0.0199313277744717,695.0
2026-05-26,2026,0.0199313277744717,-363.0
2026-05-27,2026,0.0552647235739443,-118.0
2026-05-28,2026,-0.0135684725605754,1340.0
2026-05-29,2026,0.0099943395587689,630.0
2026-06-01,2026,1.870741140863608e-05,593.0
2026-06-02,2026,0.0106217135980071,-29.0
2026-06-03,2026,0.0586642397411623,15.0
2026-06-04,2026,0.0138923392880949,-174.0
2026-06-09,2026,0.0561282604355213,-460.0
2026-06-10,2026,-0.0192830229904027,407.0
2026-06-12,2026,0.0790548611145247,144.0
2026-06-15,2026,0.0151866462588752,-117.0
2026-06-16,2026,0.0544554936742185,-39.0
2026-06-18,2026,0.0137540976454428,286.0
2026-06-22,2026,0.0641615722111705,-363.0
2026-06-23,2026,0.020425637542899,735.0
2026-06-26,2026,0.0358643800805456,984.0
2026-06-30,2026,0.0383297850505583,-201.0
2026-07-01,2026,0.0391913439137074,-153.0
2026-07-07,2026,0.0216945372407577,1196.0
2026-07-09,2026,0.0223120648557946,-9.0
2026-07-13,2026,0.0005524691358025,-704.0
2026-07-15,2026,0.0254418203110193,-180.0
2026-07-20,2026,-0.0163143037708026,800.0
2026-07-21,2026,0.0059928609914947,1114.0
2026-07-22,2026,0.0521387790205085,308.0
2026-07-23,2026,0.0044115647579829,-417.0
2026-07-31,2026,0.0818856969473049,-278.0
2026-08-03,2026,0.0007157398175172,44.0
2026-08-04,2026,0.0105445280203129,659.0
2026-08-05,2026,0.0655194285389335,256.0
2026-08-06,2026,-0.0139893556751395,-134.0
2026-08-07,2026,0.0033150468653198,-254.0
2026-08-10,2026,0.0255712446747322,169.0
2026-08-12,2026,0.0087219627376007,142.0
2026-08-13,2026,0.0248717399803446,141.0
2026-08-14,2026,0.0045663573501255,-671.0
2026-08-18,2026,0.0164249962752829,-894.0
